CODE;PARENT_CODE;TYPE_CODE;NAME.RU.NAME;NAME.EN.NAME;NAME.UA.NAME;EXT.YAMARKET.0;EXT.ZIP.0;LONGITUDE;LATITUDE;EXT.ZIP_LOWER
0000207368;0000028034;CITY;Десногорск;;;10785;216400;;;
0000207393;0000028034;CITY;Смоленск;;;12;214000;;;214000,214018,214010,214005,214034,214032,214006,214022,214012,214033,214039,214001,214011,214027,214505,214525,214014,214534,214515,214009,214016,214031,214019,214020,214036,214013,214015,214025,214030,214008,214004,214038,214023,214024
0000208236;0000028034;SUBREGION;Смоленский район;;;;;;;
0000208548;0000208236;VILLAGE;Кощино деревня;;;101589;214513;;;
0000209510;0000028034;SUBREGION;Вяземский район;;;;;;;
0000209608;0000209510;CITY;Вязьма;;;10782;215110;;;215111,215116,215110,215119,215118,215113,215107
0000210410;0000028034;SUBREGION;Велижский район;;;;;;;
0000210411;0000210410;CITY;Велиж;;;10781;216290;;;216291,216290
0000210680;0000028034;SUBREGION;Гагаринский район;;;;;;;
0000210916;0000210680;CITY;Гагарин;;;10783;215010;;;
0000211270;0000028034;SUBREGION;Глинковский район;;;;;;;
0000211324;0000211270;VILLAGE;Глинка село;;;100770;216320;;;
0000211450;0000028034;SUBREGION;Демидовский район;;;;;;;
0000211451;0000211450;VILLAGE;Пржевальское посёлок;;;101614;216270;;;
0000211983;0000211450;CITY;Демидов;;;10784;216240;;;
0000212229;0000028034;SUBREGION;Дорогобужский район;;;;;;;
0000212231;0000212229;CITY;Дорогобуж;;;10786;215710;;;215710,215713
0000212488;0000028034;SUBREGION;Духовщинский район;;;;216200;;;
0000212489;0000212488;CITY;Духовщина;;;10787;216200;;;
0000212947;0000028034;SUBREGION;Ельнинский район;;;;;;;
0000213032;0000212947;CITY;Ельня;;;10788;216330;;;
0000213204;0000028034;SUBREGION;Краснинский район;;;;;;;
0000213857;0000028034;SUBREGION;Ершичский район;;;;216580;;;
0000213894;0000213857;VILLAGE;Ершичи село;;;100771;216580;;;
0000214000;0000028034;SUBREGION;Кардымовский район;;;;215850;;;
0000214049;0000214000;VILLAGE;Кардымово посёлок городского типа;;;100772;215850;;;
0000214421;0000028034;SUBREGION;Новодугинский район;;;;;;;
0000214611;0000214421;VILLAGE;Новодугино село;;;100773;215240;;;
0000214717;0000028034;SUBREGION;Починковский район;;;;216450;;;
0000214972;0000214717;CITY;Починок;;;10791;216450;;;
0000215095;0000028034;SUBREGION;Монастырщинский район;;;;216130;;;
0000215370;0000028034;SUBREGION;Руднянский район;;;;;;;
0000215561;0000215370;CITY;Рудня;;;10793;216790;;;
0000215895;0000028034;SUBREGION;Рославльский район;;;;216500;;;
0000215898;0000215895;CITY;Рославль;;;10792;216500;;;216505,216502,216500,216501,216506,216507,216504,216509
0000216830;0000028034;SUBREGION;Сычевский район;;;;;;;
0000216958;0000216830;VILLAGE;Нащекино деревня;;;101671;215296;;;
0000216959;0000216830;CITY;Сычевка;;;10796;215280;;;
0000217039;0000028034;SUBREGION;Сафоновский район;;;;;;;
0000217119;0000217039;CITY;Сафоново;;;10794;164767;;;215500,215502,215505,215503,215506
0000217693;0000028034;SUBREGION;Хиславичский район;;;;;;;
0000217915;0000028034;SUBREGION;Угранский район;;;;;;;
0000218322;0000028034;SUBREGION;Холм-Жирковский район;;;;;;;
0000218727;0000028034;SUBREGION;Темкинский район;;;;;;;
0000218728;0000218727;VILLAGE;Темкино село;;;100774;215350;;;
0000218989;0000028034;SUBREGION;Ярцевский район;;;;215800;;;
0000219005;0000218989;CITY;Ярцево;;;10801;215800;;;215800,215805,215801,215806,215830
0000219752;0000028034;SUBREGION;Шумячский район;;;;216410;;;
