CODE;PARENT_CODE;TYPE_CODE;NAME.RU.NAME;NAME.EN.NAME;NAME.UA.NAME;EXT.YAMARKET.0;EXT.ZIP.0;LONGITUDE;LATITUDE;EXT.ZIP_LOWER
0000219991;0000028035;CITY;Котовск;;;20265;393194;;;
0000220054;0000028035;CITY;Моршанск;;;20696;393950;;;393950,393929
0000220223;0000028035;CITY;Тамбов;;;13;392000;;;392000,392028,392002,392022,392033,392036,392018,392005,392012,392029,392001,392032,392008,392016,392026,392023,392027,392024,392021,392014,392009,392020,392037,392030,392004
0000220921;0000028035;CITY;Кирсанов;;;20700;393360;;;393360,393361,393364,393362,393366
0000221033;0000028035;CITY;Мичуринск;;;10803;393760;;;393772,393764,393768,393760,393778,393761,393773,393774,393777,393766,393763,393770,393771,393765,393762,393736
0000221320;0000028035;SUBREGION;Тамбовский район;;;;392500;;;
0000222530;0000028035;CITY;Уварово;;;20663;172882;;;393462,393460,393461,393463,393464
0000222643;0000028035;CITY;Рассказово;;;20701;393250;;;393257,393250,393252,393253,393255,393254,393251,393279
0000222837;0000028035;SUBREGION;Бондарский район;;;;393230;;;
0000222839;0000222837;VILLAGE;Бондари село;;;100775;393230;;;
0000223103;0000028035;SUBREGION;Гавриловский район;;;;393160;;;
0000223131;0000223103;VILLAGE;Гавриловка 2-я село;;;100776;393160;;;
0000223334;0000028035;SUBREGION;Жердевский район;;;;393670;;;
0000223619;0000223334;CITY;Жердевка;;;20661;393670;;;393671,393672,393670
0000223734;0000028035;SUBREGION;Инжавинский район;;;;393310;;;
0000223865;0000223734;VILLAGE;Инжавино рабочий посёлок;;;100778;;;;393310,393313,393311
0000224186;0000028035;SUBREGION;Знаменский район;;;;393190;;;
0000224411;0000028035;SUBREGION;Мичуринский район;;;;393760;;;
0000224973;0000028035;SUBREGION;Кирсановский район;;;;393360;;;
0000225337;0000028035;SUBREGION;Мордовский район;;;;393600;;;
0000225371;0000225337;VILLAGE;Мордово рабочий посёлок;;;100779;;;;393600,393601
0000225600;0000028035;SUBREGION;Моршанский район;;;;393950;;;
0000226205;0000028035;SUBREGION;Мучкапский район;;;;393000;;;
0000226406;0000226205;VILLAGE;Мучкапский рабочий посёлок;;;100780;393570;;;
0000226475;0000028035;SUBREGION;Никифоровский район;;;;393760;;;
0000226832;0000028035;SUBREGION;Петровский район;;;;393070;;;
0000227325;0000028035;SUBREGION;Первомайский район;;;;393700;;;
0000227727;0000028035;SUBREGION;Рассказовский район;;;;393250;;;
0000228072;0000028035;SUBREGION;Пичаевский район;;;;393230;;;
0000228145;0000228072;VILLAGE;Петровское деревня;;;100783;393980;;;
0000228225;0000228072;VILLAGE;Пичаево село;;;100784;393970;;;
0000228350;0000028035;SUBREGION;Сампурский район;;;;393000;;;
0000228351;0000228350;VILLAGE;Сатинка посёлок;;;100785;393430;;;
0000228616;0000028035;SUBREGION;Ржаксинский район;;;;393000;;;
0000228890;0000228616;VILLAGE;Первомайский посёлок;;;100782;393537;;;
0000228960;0000228616;VILLAGE;Ржакса рабочий посёлок;;;100532;393520;;;
0000228997;0000028035;SUBREGION;Сосновский район;;;;393840;;;
0000229419;0000228997;VILLAGE;Сосновка рабочий посёлок;;;100786;393840;;;
0000229514;0000028035;SUBREGION;Староюрьевский район;;;;393800;;;
0000229515;0000229514;VILLAGE;Староюрьево село;;;100787;;;;393800,393801,393808
0000229787;0000028035;SUBREGION;Уваровский район;;;;393460;;;
0000229798;0000229787;VILLAGE;Дмитриевка деревня;;;100781;393487;;;
0000229999;0000028035;SUBREGION;Токаревский район;;;;393550;;;
0000230154;0000229999;VILLAGE;Знаменка деревня;;;100777;393549;;;
0000230280;0000229999;VILLAGE;Токаревка рабочий посёлок;;;100788;393550;;;
0000230341;0000028035;SUBREGION;Уметский район;;;;393130;;;
0000230555;0000230341;VILLAGE;Умет рабочий посёлок;;;100789;;;;393131,393130
