CODE;PARENT_CODE;TYPE_CODE;NAME.RU.NAME;NAME.EN.NAME;NAME.UA.NAME;EXT.YAMARKET.0;EXT.ZIP.0;LONGITUDE;LATITUDE;EXT.ZIP_LOWER
0000230602;0000028036;VILLAGE;Озерный посёлок городского типа;;;102555;171090;;;
0000230626;0000028036;CITY;Тверь;;;14;170904;;;170004,170040,170036,170007,170009,170043,170006,170100,170021,170027,170024,170041,170016,170019,170904,170012,170003,170001,170028,170023,170039,170025,170000,170034,170032,170008,170017,170002,170042,170026,170033,170015
0000231514;0000028036;CITY;Нелидово;;;10816;143628;;;172527,172522,172523,172524,172521
0000231721;0000028036;CITY;Торжок;;;10822;172000;;;172002,172009,172007,172008,172006,172003,172010,172001
0000231903;0000028036;CITY;Кимры;;;10811;171500;;;171505,171504,171506,171508,171503,171507,171501,171502,171510
0000232175;0000028036;CITY;Ржев;;;10820;172380;;;172388,172386,172387,172382,172390,172384,172381,172389,172385,172391,172383
0000232488;0000028036;CITY;Вышний Волочек;;;10807;171150;;;171151,171161,171158,171160,171155,171150,171164,171157,171159,171167,171168,171166,171163,171162
0000232811;0000028036;SUBREGION;Калининский район;;;;;;;
0000233811;0000028036;SUBREGION;Андреапольский район;;;;;;;
0000233812;0000233811;CITY;Андреаполь;;;26480;172800;;;172800,172801
0000234262;0000028036;SUBREGION;Бежецкий район;;;;;;;
0000234738;0000234262;CITY;Бежецк;;;10804;171980;;;171988,171984,171987,171982,171981,171983
0000234886;0000028036;SUBREGION;Бельский район;;;;;;;
0000234891;0000234886;CITY;Белый;;;20581;172530;;;
0000235286;0000028036;SUBREGION;Бологовский район;;;;;;;
0000235502;0000235286;CITY;Бологое;;;10805;646783;;;171080,171081,171072,171075,171071,171076
0000236101;0000028036;SUBREGION;Весьегонский район;;;;;;;
0000236102;0000236101;CITY;Весьегонск;;;10806;171720;;;171721,171720
0000236602;0000028036;SUBREGION;Вышневолоцкий район;;;;;;;
0000236939;0000236602;VILLAGE;Солнечный посёлок;;;102556;171120;;;
0000237185;0000028036;SUBREGION;Западнодвинский район;;;;;;;
0000237577;0000237185;CITY;Западная Двина;;;10808;172610;;;172610,172611
0000237732;0000028036;SUBREGION;Жарковский район;;;;;;;
0000237770;0000237732;VILLAGE;Жарковский посёлок городского типа;;;100790;;;;172461,172460
0000238020;0000028036;SUBREGION;Зубцовский район;;;;;;;
0000238453;0000238020;CITY;Зубцов;;;20601;172333;;;172333,172332
0000238532;0000028036;SUBREGION;Калязинский район;;;;;;;
0000238533;0000238532;CITY;Калязин;;;10809;171571;;;171573,171571
0000239167;0000028036;SUBREGION;Кесовогорский район;;;;;;;
0000239168;0000239167;VILLAGE;Кесова Гора посёлок городского типа;;;100791;171470;;;
0000239404;0000028036;SUBREGION;Кашинский район;;;;;;;
0000239405;0000239404;CITY;Кашин;;;10810;171640;;;171640,171645,171641
0000240031;0000028036;SUBREGION;Конаковский район;;;;;;;
0000240220;0000240031;VILLAGE;Новозавидовский посёлок городского типа;;;110267;;;;171270,171271,171272
0000240284;0000240031;VILLAGE;Редкино посёлок городского типа;;;110268;;;;171261,171260
0000240724;0000240031;CITY;Конаково;;;10812;171250;;;171256,171251,171254,171253,171250,171252
0000241283;0000028036;SUBREGION;Кимрский район;;;;;;;
0000241933;0000028036;SUBREGION;Краснохолмский район;;;;;;;
0000242137;0000241933;CITY;Красный Холм;;;10813;171660;;;171660,171661,171670
0000242208;0000028036;SUBREGION;Лесной район;;;;;;;
0000242209;0000242208;VILLAGE;Лесное село;;;100792;171890;;;
0000242476;0000028036;SUBREGION;Кувшиновский район;;;;;;;
0000242477;0000242476;CITY;Кувшиново;;;20619;172110;;;172112,172110,172111
0000242806;0000028036;SUBREGION;Лихославльский район;;;;;;;
0000242815;0000242806;CITY;Лихославль;;;10814;171210;;;
0000242892;0000242806;VILLAGE;Калашниково посёлок городского типа;;;101498;171205;;;
0000243256;0000028036;SUBREGION;Максатихинский район;;;;;;;
0000243257;0000243256;VILLAGE;Максатиха посёлок городского типа;;;10815;;;;171901,171900
0000243671;0000028036;SUBREGION;Молоковский район;;;;;;;
0000243905;0000028036;SUBREGION;Нелидовский район;;;;;;;
0000244218;0000028036;SUBREGION;Осташковский район;;;;;;;
0000244219;0000244218;CITY;Осташков;;;10818;172730;;;172730,172734,172735
0000244716;0000028036;SUBREGION;Пеновский район;;;;;;;
0000244717;0000244716;VILLAGE;Пено посёлок;;;100794;172770;;;
0000245042;0000028036;SUBREGION;Оленинский район;;;;;;;
0000245462;0000245042;VILLAGE;Оленино посёлок городского типа;;;10817;;;;172400,172410
0000245509;0000028036;SUBREGION;Рамешковский район;;;;;;;
0000245957;0000028036;SUBREGION;Ржевский район;;;;;;;
0000246473;0000028036;SUBREGION;Сандовский район;;;;;;;
0000246485;0000246473;VILLAGE;Сандово посёлок городского типа;;;100796;171750;;;
0000246762;0000028036;SUBREGION;Селижаровский район;;;;;;;
0000246766;0000246762;VILLAGE;Селижарово посёлок городского типа;;;100797;;;;172200,172235
0000247504;0000028036;SUBREGION;Старицкий район;;;;;;;
0000247813;0000247504;VILLAGE;Молоково деревня;;;100793;171365;;;
0000248003;0000247504;CITY;Старица;;;10821;171361;;;
0000248042;0000028036;SUBREGION;Сонковский район;;;;;;;
0000248070;0000248042;VILLAGE;Рамешки деревня;;;100795;171452;;;
0000248235;0000248042;VILLAGE;Пищалкино деревня;;;110291;171445;;;
0000248241;0000248042;VILLAGE;Сонково посёлок городского типа;;;100798;171450;;;
0000248291;0000028036;SUBREGION;Спировский район;;;;;;;
0000248629;0000028036;SUBREGION;Торжокский район;;;;;;;
0000249234;0000248629;VILLAGE;Спирово деревня;;;100799;172089;;;
0000249250;0000028036;SUBREGION;Торопецкий район;;;;;;;
0000249273;0000249250;CITY;Торопец;;;10823;172840;;;
0000249826;0000028036;SUBREGION;Удомельский район;;;;;;;
0000250154;0000249826;CITY;Удомля;;;10824;171840;;;171843,171841,171842
0000250235;0000028036;SUBREGION;Фировский район;;;;;;;
0000250236;0000250235;VILLAGE;Фирово посёлок городского типа;;;100800;172721;;;
