CODE;PARENT_CODE;TYPE_CODE;NAME.RU.NAME;NAME.EN.NAME;NAME.UA.NAME;EXT.YAMARKET.0;EXT.ZIP.0;LONGITUDE;LATITUDE;EXT.ZIP_LOWER
0000278519;0000028039;CITY;Брянск;;;191;241000;;;241004,241025,241022,241047,241044,241023,241024,241040,241027,241041,241012,241010,241035,241014,241016,241013,241050,241903,241029,241020,241902,241039,241019,241037,241028,241007,241033,241000,241006,241517,241904
0000279341;0000278519;VILLAGE;Белые Берега рабочий посёлок;;;110296;241902;;;
0000279503;0000028039;CITY;Клинцы;;;10653;243140;;;243140,243146,243144,243110,243111
0000279864;0000028039;CITY;Сельцо;;;21701;187052;;;241551,241550,241511
0000279970;0000028039;SUBREGION;Брянский район;;;;;;;
0000280220;0000279970;VILLAGE;Мичуринский посёлок;;;109768;241524;;;
0000280738;0000279970;VILLAGE;Супонево село;;;29399;241520;;;
0000280959;0000028039;CITY;Новозыбков;;;10654;243020;;;
0000281163;0000028039;SUBREGION;Брасовский район;;;;242300;;;
0000281439;0000281163;VILLAGE;Локоть рабочий посёлок;;;100670;;;;242310,242301,242300
0000281537;0000028039;SUBREGION;Выгоничский район;;;;;;;
0000281825;0000281537;VILLAGE;Выгоничи село;;;100671;243367;;;
0000281953;0000028039;SUBREGION;Гордеевский район;;;;;;;
0000281973;0000281953;VILLAGE;Гордеевка село;;;100672;243650;;;
0000282266;0000028039;SUBREGION;Дубровский район;;;;;;;
0000282657;0000282266;VILLAGE;Сеща посёлок;;;101503;242760;;;
0000282726;0000028039;SUBREGION;Дятьковский район;;;;;;;
0000282948;0000282726;CITY;Дятьково;;;10651;242600;;;
0000283123;0000282726;CITY;Фокино;;;26899;242610;;;242610,242611
0000283207;0000282726;VILLAGE;Старь рабочий посёлок;;;101577;242640;;;
0000283258;0000028039;SUBREGION;Жирятинский район;;;;;;;
0000283347;0000283258;VILLAGE;Жирятино село;;;100674;242030;;;
0000283498;0000028039;SUBREGION;Жуковский район;;;;;;;
0000283855;0000283498;CITY;Жуковка;;;10652;242700;;;
0000284080;0000028039;SUBREGION;Злынковский район;;;;;;;
0000284081;0000284080;CITY;Злынка;;;20184;243600;;;
0000284302;0000028039;SUBREGION;Карачевский район;;;;242500;;;
0000284649;0000284302;CITY;Карачев;;;10655;242500;;;
0000284843;0000028039;SUBREGION;Клетнянский район;;;;242821;;;
0000284844;0000284843;VILLAGE;Клетня посёлок городского типа;;;100675;242820;;;
0000285285;0000028039;SUBREGION;Климовский район;;;;;;;
0000285286;0000285285;VILLAGE;Климово посёлок городского типа;;;100676;243040;;;
0000285803;0000028039;SUBREGION;Клинцовский район;;;;243650;;;
0000286311;0000028039;SUBREGION;Комаричский район;;;;;;;
0000286314;0000286311;VILLAGE;Комаричи рабочий посёлок;;;100677;242400;;;
0000286664;0000028039;SUBREGION;Красногорский район;;;;;;;
0000287111;0000028039;SUBREGION;Мглинский район;;;;;;;
0000287270;0000287111;CITY;Мглин;;;20185;243220;;;
0000287544;0000028039;SUBREGION;Навлинский район;;;;;;;
0000287602;0000287544;VILLAGE;Навля рабочий посёлок;;;100679;242130;;;
0000287978;0000028039;SUBREGION;Новозыбковский район;;;;;;;
0000288254;0000028039;SUBREGION;Погарский район;;;;;;;
0000288255;0000288254;VILLAGE;Погар посёлок городского типа;;;100680;243550;;;
0000288903;0000028039;SUBREGION;Почепский район;;;;;;;
0000289650;0000288903;CITY;Почеп;;;20186;243400;;;
0000289942;0000028039;SUBREGION;Рогнединский район;;;;;;;
0000290056;0000289942;VILLAGE;Рогнедино рабочий посёлок;;;100681;242770;;;
0000290242;0000289942;VILLAGE;Красная Гора посёлок;;;100678;242781;;;
0000290261;0000028039;SUBREGION;Севский район;;;;;;;
0000290476;0000290261;CITY;Севск;;;20187;242440;;;
0000290569;0000028039;SUBREGION;Стародубский район;;;;;;;
0000290950;0000290569;CITY;Стародуб;;;20188;243240;;;
0000291412;0000028039;SUBREGION;Суземский район;;;;;;;
0000291413;0000291412;VILLAGE;Суземка посёлок;;;100682;242190;;;
0000291603;0000291412;VILLAGE;Челюскин посёлок;;;20908;242190;;;
0000291768;0000028039;SUBREGION;Суражский район;;;;;;;
0000292042;0000291768;CITY;Сураж;;;20189;243500;;;
0000292319;0000028039;SUBREGION;Трубчевский район;;;;;;;
0000292320;0000292319;VILLAGE;Белая Березка посёлок городского типа;;;110295;242250;;;
0000292612;0000292319;CITY;Трубчевск;;;20190;242220;;;
0000292895;0000028039;SUBREGION;Унечский район;;;;;;;
0000293052;0000292895;VILLAGE;Дубровка деревня;;;100673;243331;;;
0000293065;0000292895;CITY;Унеча;;;20191;243300;;;243300,243302
