CODE;PARENT_CODE;TYPE_CODE;NAME.RU.NAME;NAME.EN.NAME;NAME.UA.NAME;EXT.YAMARKET.0;EXT.ZIP.0;LONGITUDE;LATITUDE;EXT.ZIP_LOWER
0000293598;0000028040;CITY;Воронеж;;;193;394001;;;394055,394050,394075,394074,394016,394031,394057,394036,394024,394043,394070,394019,394089,394071,394083,394002,394062,394091,394030,394010,394094,394092,394056,394049,394093,394042,394087,394052,394026,394080,394038,394011,394007,394028,394035,394072,394073,394040,394000,394021,394061,394033,394044,394004,394076,394008,394048,394068,394051,394086,394006,394029,394066,394014,394018,394027,394005,394065,394053,394090,394003,394077,394063,394084,394088,394023
0000295577;0000028040;SUBREGION;Аннинский район;;;;;;;
0000295627;0000295577;VILLAGE;Анна посёлок городского типа;;;10686;;;;396252,396250,396253,396251,396254
0000296177;0000028040;SUBREGION;Бобровский район;;;;;;;
0000296461;0000296177;CITY;Бобров;;;10673;397700;;;397700,397701,397704,397705,397706,397702
0000296611;0000296177;VILLAGE;Ясенки посёлок;;;109774;397721;;;
0000296628;0000028040;CITY;Воронеж-45;;;;394045;;;
0000296630;0000028040;CITY;Нововоронеж;;;20268;396070;;;396070,396073,396072,396071
0000296689;0000028040;SUBREGION;Богучарский район;;;;;;;
0000297102;0000296689;CITY;Богучар;;;10674;396790;;;396790,396792,396791
0000297193;0000028040;SUBREGION;Борисоглебский район;;;;;;;
0000297194;0000297193;CITY;Борисоглебск;;;10675;397160;;;397160,397164,397166,397167,397163,397171,397172,397165,397170
0000297691;0000028040;SUBREGION;Бутурлиновский район;;;;;;;
0000297811;0000297691;CITY;Бутурлиновка;;;10676;397500;;;397505,397506,397507,397502,397500,397501,397504
0000298188;0000028040;SUBREGION;Верхнемамонский район;;;;;;;
0000298189;0000298188;VILLAGE;Верхний Мамон село;;;100685;;;;396460,396462,396461
0000298399;0000028040;SUBREGION;Верхнехавский район;;;;;;;
0000298435;0000298399;VILLAGE;Верхняя Маза посёлок;;;101401;396128;;;
0000298454;0000298399;VILLAGE;Верхняя Хава село;;;100686;396110;;;
0000298626;0000298399;VILLAGE;Таловая деревня;;;10684;396110;;;
0000298805;0000028040;SUBREGION;Воробьевский район;;;;;;;
0000298834;0000298805;VILLAGE;Воробьевка село;;;100687;;;;397570,397571
0000299062;0000028040;SUBREGION;Грибановский район;;;;;;;
0000299073;0000299062;VILLAGE;Грибановский посёлок городского типа;;;20226;;;;397240,397241,397243,397242
0000299510;0000028040;SUBREGION;Калачеевский район;;;;;;;
0000299611;0000299510;CITY;Калач;;;10677;397600;;;397602,397600,397601,397631
0000300179;0000028040;SUBREGION;Каменский район;;;;;;;
0000300475;0000028040;SUBREGION;Кантемировский район;;;;;;;
0000300476;0000300475;VILLAGE;Кантемировка рабочий посёлок;;;10685;;;;396731
0000300846;0000300475;VILLAGE;Талы село;;;101701;396737;;;
0000300870;0000028040;SUBREGION;Лискинский район;;;;;;;
0000301384;0000300870;CITY;Лиски;;;10678;397900;;;397902,397903,397906,397910,397904,397908,397909,397901,397900,397907
0000301805;0000028040;SUBREGION;Каширский район;;;;;;;
0000301961;0000301805;VILLAGE;Каширское село;;;20686;;;;396350,396351
0000302136;0000028040;SUBREGION;Нижнедевицкий район;;;;;;;
0000302259;0000302136;VILLAGE;Нижнедевицк село;;;20227;396870;;;
0000302487;0000028040;SUBREGION;Новоусманский район;;;;;;;
0000302488;0000302487;VILLAGE;Новая Усмань село;;;100689;;;;396310,396311
0000303267;0000302487;VILLAGE;Хреновое село;;;101720;396318;;;
0000303361;0000028040;SUBREGION;Ольховатский район;;;;;;;
0000303678;0000028040;SUBREGION;Острогожский район;;;;;;;
0000303922;0000303678;CITY;Острогожск;;;10679;397850;;;397854,397852,397853,397855
0000304419;0000028040;SUBREGION;Новохоперский район;;;;;;;
0000304457;0000304419;CITY;Новохоперск;;;34140;397400;;;397401,397400
0000304973;0000028040;SUBREGION;Павловский район;;;;;;;
0000305360;0000304973;CITY;Павловск;;;10680;196620;;;396420,396424,396421,396422
0000305511;0000028040;SUBREGION;Панинский район;;;;;;;
0000305519;0000305511;VILLAGE;Панино рабочий посёлок;;;100691;396140;;;
0000305950;0000028040;SUBREGION;Петропавловский район;;;;;;;
0000306225;0000028040;SUBREGION;Рамонский район;;;;;;;
0000306226;0000306225;VILLAGE;Рамонь рабочий посёлок;;;100694;;;;396020,396021
0000306966;0000306225;VILLAGE;Ольховатка деревня;;;100690;396037;;;
0000307345;0000028040;SUBREGION;Поворинский район;;;;;;;
0000307347;0000307345;CITY;Поворино;;;20694;397350;;;397350,397354,397355,397351
0000307661;0000028040;SUBREGION;Подгоренский район;;;;;;;
0000307689;0000307661;VILLAGE;Подгоренский посёлок городского типа;;;100693;396560;;;
0000307980;0000307661;VILLAGE;Петропавловка хутор;;;100692;396563;;;
0000308081;0000028040;SUBREGION;Репьевский район;;;;;;;
0000308130;0000308081;VILLAGE;Репьевка село;;;100695;396370;;;
0000308335;0000028040;SUBREGION;Россошанский район;;;;;;;
0000308336;0000308335;CITY;Россошь;;;10681;346073;;;396660,396653,396659,396655,396650,396658,396656,396657,396651
0000309211;0000028040;SUBREGION;Семилукский район;;;;;;;
0000309239;0000309211;CITY;Семилуки;;;10682;396900;;;396900,396901,396902
0000310283;0000309211;VILLAGE;Каменка хутор;;;100688;396912;;;
0000310292;0000028040;SUBREGION;Хохольский район;;;;;;;
0000310338;0000310292;VILLAGE;Хохольский рабочий посёлок;;;20263;396840;;;
0000310766;0000028040;SUBREGION;Таловский район;;;;;;;
0000311304;0000028040;SUBREGION;Терновский район;;;;;;;
0000311574;0000311304;VILLAGE;Терновка село;;;100696;;;;397110,397112
0000311658;0000028040;SUBREGION;Эртильский район;;;;;;;
0000311659;0000311658;CITY;Эртиль;;;10683;397030;;;397032,397030,397031,397033
