CODE;PARENT_CODE;TYPE_CODE;NAME.RU.NAME;NAME.EN.NAME;NAME.UA.NAME;EXT.YAMARKET.0;EXT.ZIP.0;LONGITUDE;LATITUDE;EXT.ZIP_LOWER
0000077318;0000073738;VILLAGE;Лесной посёлок;;;21650;121500;;;
0000077325;0000073738;VILLAGE;Заречье посёлок;;;21653;121115;;;
0000077344;0000073738;CITY;Зеленоград;;;216;124460;;;124365,124681,124489,124482,124460,124617,121087,124527,124498,124575,115280,124305
0000077448;0000077344;VILLAGE;Малино посёлок;;;101703;;;;124365,124527
0000077457;0000073738;CITY;Троицк;;;20674;142190;;;142190,142191,142793
0000077774;0000073738;CITY;Щербинка;;;21624;142170;;;142172,142171
0000078861;0000073738;VILLAGE;Мосрентген посёлок;;;21707;;;;142784,142704,142771
0000078900;0000073738;VILLAGE;Румянцево деревня;;;114769;142784;;;
0000078911;0000073738;CITY;Московский;;;103817;142784;;;
