CODE;PARENT_CODE;TYPE_CODE;NAME.RU.NAME;NAME.EN.NAME;NAME.UA.NAME;EXT.YAMARKET.0;EXT.ZIP.0;LONGITUDE;LATITUDE;EXT.ZIP_LOWER
0000133095;0000028026;CITY;Белгород;;;4;308000;;;308000,308019,308001,308010,308002,308017,308025,308013,308032,308014,308036,308018,308006,308015,308012,308020,308024,308027,308007,308023,308033
0000133821;0000028026;CITY;Старый Оскол;;;10649;309503;;;309516,309514,309508,309518,309503,309500,309506,309505,309507,309502,309501,309511,309517,309504,309509,309513,309541,309539,309512,309540
0000134530;0000028026;CITY;Шебекино;;;20196;309290;;;309290,309291,309292,309294
0000134765;0000028026;SUBREGION;Алексеевский район;;;;;;;
0000134970;0000134765;CITY;Алексеевка;;;20192;181309;;;309851,309854,309850,309857,309855,309852,309853,309856,309802
0000135434;0000028026;CITY;Губкин;;;10646;309180;;;309142,309188,309181,309190,309183,309187,309182,309189,309184,309180,309185,309186
0000135715;0000028026;SUBREGION;Валуйский район;;;;;;;
0000135999;0000135715;CITY;Валуйки;;;20193;309990;;;309994,309996,309992,309991,309995,309993
0000136529;0000028026;SUBREGION;Борисовский район;;;;;;;
0000136797;0000028026;SUBREGION;Волоконовский район;;;;309650;;;
0000137213;0000028026;SUBREGION;Вейделевский район;;;;;;;
0000137214;0000137213;VILLAGE;Вейделевка посёлок;;;100447;309720;;;
0000137563;0000028026;SUBREGION;Грайворонский район;;;;;;;
0000137564;0000137563;CITY;Грайворон;;;20194;309372;;;
0000137979;0000028026;SUBREGION;Губкинский район;;;;;;;
0000138493;0000028026;SUBREGION;Ивнянский район;;;;;;;
0000138494;0000138493;VILLAGE;Ивня рабочий посёлок;;;100665;;;;309110,309117
0000138786;0000028026;SUBREGION;Корочанский район;;;;;;;
0000139301;0000138786;CITY;Короча;;;20195;309210;;;
0000139356;0000138786;VILLAGE;Шеино село;;;101383;309202;;;
0000139407;0000028026;SUBREGION;Красненский район;;;;;;;
0000139665;0000028026;SUBREGION;Красногвардейский район;;;;;;;
0000139983;0000139665;CITY;Бирюч;;;34323;309910;;;309921,309920
0000140113;0000028026;SUBREGION;Краснояружский район;;;;;;;
0000140114;0000140113;VILLAGE;Красная Яруга посёлок;;;100667;;;;309420,309421
0000140371;0000028026;SUBREGION;Новооскольский район;;;;;;;
0000140628;0000140371;CITY;Новый Оскол;;;10647;309640;;;309641,309640,309642
0000140858;0000028026;SUBREGION;Прохоровский район;;;;;;;
0000140859;0000140858;VILLAGE;Прохоровка посёлок городского типа;;;10648;309000;;;
0000141176;0000140858;VILLAGE;Подольхи село;;;101699;309022;;;
0000141347;0000028026;SUBREGION;Ракитянский район;;;;;;;
0000141348;0000141347;VILLAGE;Ракитное посёлок;;;100668;309310;;;
0000141561;0000141347;VILLAGE;Пролетарский посёлок;;;110297;309300;;;
0000141790;0000028026;SUBREGION;Ровеньский район;;;;;;;
0000141791;0000141790;VILLAGE;Ровеньки посёлок;;;100669;309740;;;
0000142083;0000028026;SUBREGION;Старооскольский район;;;;;;;
0000142501;0000142083;VILLAGE;Нагольное село;;;101427;309554;;;
0000142995;0000028026;SUBREGION;Чернянский район;;;;;;;
0000143016;0000142995;VILLAGE;Чернянка посёлок;;;21700;;;;309560,309562
0000143267;0000142995;VILLAGE;Волоконовка село;;;100448;309596;;;
0000143479;0000028026;SUBREGION;Шебекинский район;;;;;;;
0000143506;0000143479;VILLAGE;Борисовка село;;;100446;309258;;;
0000144169;0000028026;SUBREGION;Яковлевский район;;;;;;;
0000144253;0000144169;VILLAGE;Томаровка посёлок;;;101734;309085;;;
0000144359;0000144169;CITY;Строитель;;;20587;309070;;;
0000144961;0000028026;SUBREGION;Белгородский район;;;;;;;
0000145476;0000144961;VILLAGE;Красное село;;;100666;308503;;;
