CODE;PARENT_CODE;TYPE_CODE;NAME.RU.NAME;NAME.EN.NAME;NAME.UA.NAME;EXT.YAMARKET.0;EXT.ZIP.0;LONGITUDE;LATITUDE;EXT.ZIP_LOWER
0000158725;0000028029;SUBREGION;Костромской район;;;;;;;
0000159128;0000158725;CITY;Кострома;;;7;156000;;;156001,156025,156026,156014,156022,156019,156012,156007,156004,156002,156005,156016,156010,156000,156003,156013,156008,156011,156961,156029,156009,156543,156518
0000160048;0000158725;VILLAGE;Сущёво деревня;;;100501;156559;;;
0000160154;0000028029;CITY;Волгореченск;;;10701;156901;;;
0000160195;0000028029;SUBREGION;Антроповский район;;;;;;;
0000160471;0000028029;SUBREGION;Буйский район;;;;;;;
0000160630;0000160471;VILLAGE;Елегино деревня;;;101631;157065;;;
0000160825;0000160471;CITY;Буй;;;10700;157000;;;157003,157004,157000,157006,157005,157008,157001,157002
0000161138;0000028029;SUBREGION;Галичский район;;;;;;;
0000161187;0000161138;CITY;Галич;;;10703;157200;;;157202,157201,157203,157200
0000161755;0000028029;SUBREGION;Вохомский район;;;;157760;;;
0000161756;0000161755;VILLAGE;Вохма посёлок;;;102539;157760;;;
0000162111;0000028029;SUBREGION;Кадыйский район;;;;157980;;;
0000162112;0000162111;VILLAGE;Кадый посёлок городского типа;;;102540;157980;;;
0000162378;0000028029;SUBREGION;Мантуровский район;;;;;;;
0000162509;0000162378;CITY;Мантурово;;;20217;157300;;;157303,157301,157302,157305,157300
0000162725;0000028029;SUBREGION;Красносельский район;;;;157940;;;
0000162767;0000162725;VILLAGE;Красное-на-Волге посёлок городского типа;;;21704;157940;;;
0000163138;0000028029;SUBREGION;Макарьевский район;;;;;;;
0000163156;0000163138;CITY;Макарьев;;;20216;157460;;;157461,157460
0000163470;0000028029;SUBREGION;Кологривский район;;;;;;;
0000163471;0000163470;CITY;Кологрив;;;20215;157440;;;
0000163667;0000028029;SUBREGION;Межевской район;;;;;;;
0000163692;0000163667;VILLAGE;Георгиевское село;;;102541;157420;;;
0000163807;0000028029;SUBREGION;Нерехтский район;;;;;;;
0000164163;0000163807;CITY;Нерехта;;;10702;157800;;;157802,157800,157811
0000164347;0000028029;SUBREGION;Нейский район;;;;157331;;;
0000164348;0000164347;CITY;Нея;;;20621;157330;;;157332,157330,157351,157350,157331
0000164667;0000028029;SUBREGION;Островский район;;;;;;;
0000164668;0000164667;VILLAGE;Островское посёлок;;;102542;157900;;;
0000164962;0000028029;SUBREGION;Октябрьский район;;;;157780;;;
0000164963;0000164962;VILLAGE;Боговарово село;;;101596;157780;;;
0000165162;0000028029;SUBREGION;Павинский район;;;;;;;
0000165289;0000165162;VILLAGE;Павино деревня;;;102543;157650;;;
0000165348;0000028029;SUBREGION;Солигаличский район;;;;157170;;;
0000165366;0000165348;CITY;Солигалич;;;20218;157170;;;
0000165635;0000028029;SUBREGION;Пыщугский район;;;;;;;
0000165636;0000165635;VILLAGE;Пыщуг село;;;102545;157630;;;
0000165775;0000028029;SUBREGION;Парфеньевский район;;;;;;;
0000165905;0000165775;VILLAGE;Антропово деревня;;;102538;157290;;;
0000165975;0000028029;SUBREGION;Поназыревский район;;;;157580;;;
0000166022;0000165975;VILLAGE;Полдневица посёлок;;;110289;157575;;;
0000166149;0000165975;VILLAGE;Поназырево деревня;;;102544;157580;;;
0000166170;0000028029;SUBREGION;Судиславский район;;;;157860;;;
0000166171;0000166170;VILLAGE;Судиславль посёлок городского типа;;;102546;157860;;;
0000166576;0000028029;SUBREGION;Чухломский район;;;;;;;
0000166806;0000166576;CITY;Чухлома;;;20219;157130;;;
0000167046;0000028029;SUBREGION;Сусанинский район;;;;;;;
0000167047;0000167046;VILLAGE;Сусанино посёлок городского типа;;;102547;;;;157080,157081
0000167336;0000167046;VILLAGE;Парфеньево деревня;;;100650;157080;;;
0000167389;0000028029;SUBREGION;Шарьинский район;;;;;;;
0000167517;0000167389;CITY;Шарья;;;10704;157500;;;157501,157500,157504,157505,157510
