CODE;PARENT_CODE;TYPE_CODE;NAME.RU.NAME;NAME.EN.NAME;NAME.UA.NAME;EXT.YAMARKET.0;EXT.ZIP.0;LONGITUDE;LATITUDE;EXT.ZIP_LOWER
0000168097;0000028030;CITY;Курск;;;8;188442;;;305031,305019,305001,305003,305018,305026,305010,305022,305000,305021,305008,305025,305040,305035,305023,305004,305048,305044,305007,305009,305029,305016,305030,305045,305046,305014,305047,305038
0000169058;0000028030;SUBREGION;Большесолдатский район;;;;;;;
0000169059;0000169058;VILLAGE;Большое Солдатское село;;;100713;307850;;;
0000169303;0000028030;SUBREGION;Беловский район;;;;;;;
0000169333;0000169303;VILLAGE;Белая слобода;;;100712;307910;;;
0000169627;0000028030;CITY;Курчатов;;;20707;307250;;;307250,307251
0000169656;0000028030;CITY;Железногорск;;;10710;307170;;;307179,307170,307174,307173,307178,307176,307177
0000169819;0000028030;CITY;Льгов;;;20637;303944;;;307753,307751,307750,307752,307754
0000169971;0000028030;CITY;Щигры;;;20710;306530;;;306530,306531
0000170068;0000028030;SUBREGION;Дмитриевский район;;;;307500;;;
0000170212;0000170068;CITY;Дмитриев;;;10706;307500;;;307500,307501
0000170292;0000028030;SUBREGION;Глушковский район;;;;;;;
0000170343;0000170292;VILLAGE;Глушково рабочий посёлок;;;100714;307450;;;
0000170547;0000028030;SUBREGION;Горшеченский район;;;;;;;
0000170607;0000170547;VILLAGE;Горшечное посёлок городского типа;;;100715;306800;;;
0000170990;0000028030;SUBREGION;Золотухинский район;;;;;;;
0000171295;0000028030;SUBREGION;Железногорский район;;;;307170;;;
0000171594;0000028030;SUBREGION;Касторенский район;;;;;;;
0000171595;0000171594;VILLAGE;Касторное рабочий посёлок;;;100717;;;;306704,306700
0000171741;0000171594;VILLAGE;Олымский посёлок городского типа;;;101678;306716;;;
0000171954;0000028030;SUBREGION;Конышевский район;;;;307620;;;
0000172005;0000171954;VILLAGE;Конышевка село;;;100718;307605;;;
0000172100;0000028030;SUBREGION;Льговский район;;;;307750;;;
0000172330;0000028030;SUBREGION;Кореневский район;;;;;;;
0000172403;0000172330;VILLAGE;Коренево село;;;100719;307411;;;
0000172523;0000028030;SUBREGION;Курчатовский район;;;;307250;;;
0000172653;0000172523;VILLAGE;Золотухино хутор;;;100716;307221;;;
0000172721;0000028030;SUBREGION;Обоянский район;;;;;;;
0000172974;0000172721;VILLAGE;Усланка село;;;34108;306235;;;
0000173011;0000172721;CITY;Обоянь;;;10709;306230;;;
0000173300;0000028030;SUBREGION;Мантуровский район;;;;;;;
0000173372;0000173300;VILLAGE;Мантурово село;;;20706;307000;;;
0000173553;0000028030;SUBREGION;Медвенский район;;;;;;;
0000173569;0000173553;VILLAGE;Медвенка посёлок городского типа;;;100720;307030;;;
0000173798;0000028030;SUBREGION;Октябрьский район;;;;;;;
0000173810;0000173798;VILLAGE;Прямицыно посёлок городского типа;;;100721;307200;;;
0000174021;0000028030;SUBREGION;Поныровский район;;;;;;;
0000174222;0000028030;SUBREGION;Рыльский район;;;;;;;
0000174247;0000174222;CITY;Рыльск;;;10707;307370;;;307370,307374,307373
0000174542;0000028030;SUBREGION;Пристенский район;;;;;;;
0000174547;0000174542;VILLAGE;Пристень рабочий посёлок;;;100723;306200;;;
0000174964;0000028030;SUBREGION;Солнцевский район;;;;;;;
0000175024;0000174964;VILLAGE;Солнцево рабочий посёлок;;;100725;306120;;;
0000175372;0000028030;SUBREGION;Советский район;;;;306600;;;
0000175378;0000175372;VILLAGE;Кшенский рабочий посёлок;;;100724;306600;;;
0000175592;0000028030;SUBREGION;Тимский район;;;;;;;
0000175684;0000175592;VILLAGE;Тим рабочий посёлок;;;100726;307060;;;
0000175864;0000028030;SUBREGION;Суджанский район;;;;;;;
0000175875;0000175864;CITY;Суджа;;;10708;307800;;;
0000176248;0000028030;SUBREGION;Фатежский район;;;;;;;
0000176331;0000176248;CITY;Фатеж;;;10711;307100;;;
0000176437;0000176248;VILLAGE;Поныри хутор;;;100722;307114;;;
0000176530;0000028030;SUBREGION;Курский район;;;;;;;
0000177024;0000028030;SUBREGION;Хомутовский район;;;;307540;;;
0000177027;0000177024;VILLAGE;Хомутовка рабочий посёлок;;;100727;307540;;;
0000177233;0000028030;SUBREGION;Черемисиновский район;;;;306440;;;
0000177238;0000177233;VILLAGE;Черемисиново посёлок городского типа;;;100728;;;;306441,306440
0000177385;0000028030;SUBREGION;Щигровский район;;;;306530;;;
