CODE;PARENT_CODE;TYPE_CODE;NAME.RU.NAME;NAME.EN.NAME;NAME.UA.NAME;EXT.YAMARKET.0;EXT.ZIP.0;LONGITUDE;LATITUDE;EXT.ZIP_LOWER
0000177609;0000028031;CITY;Липецк;;;9;398000;;;398026,398037,398002,398013,398914,398006,398007,398901,398020,398059,398036,398015,398024,398050,398048,398016,398046,398600,398017,398055,398916,398532,398027,398533,398056,398058,399533,398908,398005,398029,398041,398011,398000,398001,398902,398042,398035,398019,399005
0000178404;0000028031;SUBREGION;Воловский район;;;;;;;
0000178447;0000178404;VILLAGE;Волово село;;;100729;399580;;;
0000178675;0000028031;CITY;Елец;;;10713;399770;;;399772,399774,399770,399785,399780,399776,399778,399773,399783,399777,399771,399784,399788,399787,399782,399775
0000179055;0000028031;SUBREGION;Грязинский район;;;;;;;
0000179056;0000179055;CITY;Грязи;;;20210;399050;;;399059
0000179788;0000028031;SUBREGION;Данковский район;;;;;;;
0000179891;0000179788;CITY;Данков;;;20211;399850;;;399850,399851
0000180332;0000028031;SUBREGION;Добровский район;;;;;;;
0000180338;0000180332;VILLAGE;Доброе село;;;100730;399140;;;
0000180748;0000028031;SUBREGION;Добринский район;;;;;;;
0000180762;0000180748;VILLAGE;Добринка посёлок;;;20266;399431;;;
0000180856;0000180748;VILLAGE;Березнеговатка село;;;101465;399459;;;
0000181237;0000028031;SUBREGION;Долгоруковский район;;;;;;;
0000181330;0000181237;VILLAGE;Долгоруково село;;;100731;399510;;;
0000181619;0000028031;SUBREGION;Елецкий район;;;;;;;
0000182160;0000028031;SUBREGION;Задонский район;;;;;;;
0000182438;0000182160;CITY;Задонск;;;20212;399200;;;399201,399200
0000182732;0000028031;SUBREGION;Краснинский район;;;;;;;
0000182960;0000028031;SUBREGION;Измалковский район;;;;;;;
0000183078;0000182960;VILLAGE;Измалково село;;;100732;399000;;;
0000183339;0000028031;SUBREGION;Лебедянский район;;;;;;;
0000183340;0000183339;CITY;Лебедянь;;;20213;399610;;;399610,399612,399611,399613
0000183847;0000028031;SUBREGION;Лев-Толстовский район;;;;;;;
0000183880;0000183847;VILLAGE;Лев Толстой посёлок;;;100734;399870;;;
0000184124;0000028031;SUBREGION;Становлянский район;;;;;;;
0000184128;0000184124;VILLAGE;Становое село;;;100735;399710;;;
0000184586;0000028031;SUBREGION;Тербунский район;;;;;;;
0000184621;0000184586;VILLAGE;Тербуны село;;;100736;399540;;;
0000184973;0000028031;SUBREGION;Чаплыгинский район;;;;;;;
0000185031;0000184973;CITY;Чаплыгин;;;10714;352185;;;399903,399900,399902
0000185462;0000028031;SUBREGION;Усманский район;;;;;;;
0000185581;0000185462;CITY;Усмань;;;20214;399373;;;
0000186019;0000028031;SUBREGION;Хлевенский район;;;;;;;
0000186020;0000186019;VILLAGE;Хлевное село;;;100737;399260;;;
0000186387;0000028031;SUBREGION;Липецкий район;;;;;;;
0000186467;0000186387;VILLAGE;Грязное село;;;101396;398523;;;
0000186944;0000186387;VILLAGE;Красное деревня;;;100733;398541;;;
