CODE;PARENT_CODE;TYPE_CODE;NAME.RU.NAME;NAME.EN.NAME;NAME.UA.NAME;EXT.YAMARKET.0;EXT.ZIP.0;LONGITUDE;LATITUDE;EXT.ZIP_LOWER
0000187229;0000028032;CITY;Орёл;;;10;302000;;;302019,302028,302010,302005,302025,302023,302004,302011,302030,302031,302038,302029,302012,302000,302006,302009,302024,302040,302043,302042,302020,302008,302001,302016,302026,302027
0000187992;0000028032;CITY;Мценск;;;10770;303030;;;303026,303036,303035,303030,303031,303032,303034,303002
0000188148;0000028032;CITY;Ливны;;;10769;303850;;;303850,303857,303851,303852,303858,303854,303856,303859,303800
0000188347;0000028032;SUBREGION;Орловский район;;;;;;;
0000189650;0000028032;SUBREGION;Болховский район;;;;;;;
0000189651;0000189650;CITY;Болхов;;;10768;303140;;;303140,303142,303170
0000190157;0000028032;SUBREGION;Верховский район;;;;;;;
0000190461;0000190157;VILLAGE;Верховье деревня;;;100738;303720;;;
0000190529;0000028032;SUBREGION;Должанский район;;;;;;;
0000190819;0000028032;SUBREGION;Глазуновский район;;;;;;;
0000190820;0000190819;VILLAGE;Глазуновка посёлок городского типа;;;100739;303340;;;
0000191106;0000028032;SUBREGION;Дмитровский район;;;;;;;
0000191107;0000191106;CITY;Дмитровск;;;20593;303240;;;
0000191273;0000028032;SUBREGION;Залегощенский район;;;;;;;
0000191274;0000191273;VILLAGE;Залегощь посёлок городского типа;;;100742;303561;;;
0000191673;0000028032;SUBREGION;Колпнянский район;;;;;;;
0000191674;0000191673;VILLAGE;Колпна посёлок городского типа;;;100744;303410;;;
0000191896;0000028032;SUBREGION;Знаменский район;;;;;;;
0000192170;0000028032;SUBREGION;Ливенский район;;;;;;;
0000192859;0000028032;SUBREGION;Корсаковский район;;;;;;;
0000192949;0000028032;SUBREGION;Краснозоренский район;;;;;;;
0000193158;0000028032;SUBREGION;Кромской район;;;;;;;
0000193159;0000193158;VILLAGE;Кромы посёлок городского типа;;;100747;303200;;;
0000193361;0000028032;SUBREGION;Мценский район;;;;;;;
0000193898;0000028032;SUBREGION;Малоархангельский район;;;;;;;
0000193899;0000193898;CITY;Малоархангельск;;;34012;303370;;;
0000194200;0000028032;SUBREGION;Новодеревеньковский район;;;;;;;
0000194201;0000194200;VILLAGE;Хомутово посёлок городского типа;;;100749;303620;;;
0000194351;0000028032;SUBREGION;Новосильский район;;;;;;;
0000194352;0000194351;CITY;Новосиль;;;10771;303500;;;
0000194609;0000028032;SUBREGION;Покровский район;;;;;;;
0000195156;0000028032;SUBREGION;Свердловский район;;;;;;;
0000195372;0000195156;VILLAGE;Знаменское село;;;100743;303334;;;
0000195497;0000195156;VILLAGE;Долгое деревня;;;100741;303326;;;
0000195535;0000195156;VILLAGE;Змиёвка посёлок городского типа;;;100751;303320;;;
0000195612;0000028032;SUBREGION;Троснянский район;;;;;;;
0000195702;0000195612;VILLAGE;Тросна село;;;100753;303450;;;
0000195752;0000195612;VILLAGE;Корсаково деревня;;;100745;303471;;;
0000195760;0000195612;VILLAGE;Покровское деревня;;;100750;303460;;;
0000195767;0000028032;SUBREGION;Урицкий район;;;;;;;
0000195768;0000195767;VILLAGE;Нарышкино посёлок городского типа;;;21722;303900;;;
0000196211;0000028032;SUBREGION;Сосковский район;;;;;;;
0000196324;0000196211;VILLAGE;Сосково село;;;100752;303980;;;
0000196365;0000028032;SUBREGION;Хотынецкий район;;;;;;;
0000196423;0000196365;VILLAGE;Хотынец село;;;100754;303935;;;
0000196598;0000028032;SUBREGION;Шаблыкинский район;;;;;;;
0000196599;0000196598;VILLAGE;Шаблыкино посёлок городского типа;;;100755;303260;;;
0000196742;0000196598;VILLAGE;Красная Заря посёлок;;;100746;303273;;;
