CODE;PARENT_CODE;TYPE_CODE;NAME.RU.NAME;NAME.EN.NAME;NAME.UA.NAME;EXT.YAMARKET.0;EXT.ZIP.0;LONGITUDE;LATITUDE;EXT.ZIP_LOWER
0000196823;0000028033;SUBREGION;Рязанский район;;;;;;;
0000196875;0000196823;VILLAGE;Мурмино посёлок;;;101727;390528;;;
0000197740;0000028033;CITY;Рязань;;;11;390000;;;390046,390020,390005,390007,390021,390023,390015,390013,390011,390047,390042,390017,390026,390027,390000,390006,390043,390048,390035,390039,390019,390010,390044,390037,390029,390025,390028,390910,390504
0000198552;0000028033;CITY;Сасово;;;10777;391430;;;391434,391431,391430,391432
0000198655;0000028033;CITY;Скопин;;;10778;391800;;;391800,391803,391801,391802,391825,391840,391842,391847,391846
0000198812;0000028033;CITY;Касимов;;;10773;391300;;;391300,391308,391302,391306,391303,391301
0000198981;0000028033;SUBREGION;Ермишинский район;;;;;;;
0000199055;0000198981;VILLAGE;Ермишь рабочий посёлок;;;100756;391660;;;
0000199248;0000028033;SUBREGION;Захаровский район;;;;;;;
0000199439;0000028033;SUBREGION;Касимовский район;;;;;;;
0000199833;0000199439;VILLAGE;Елатьма рабочий посёлок;;;21494;391351;;;
0000199916;0000028033;SUBREGION;Кадомский район;;;;;;;
0000200075;0000199916;VILLAGE;Кадом рабочий посёлок;;;100758;;;;391670,391671
0000200152;0000028033;SUBREGION;Милославский район;;;;;;;
0000200205;0000200152;VILLAGE;Милославское рабочий посёлок;;;100759;391770;;;
0000200513;0000028033;SUBREGION;Кораблинский район;;;;;;;
0000200805;0000200513;CITY;Кораблино;;;37146;390515;;;391200,391201
0000200853;0000028033;SUBREGION;Клепиковский район;;;;;;;
0000201051;0000200853;VILLAGE;Захарово деревня;;;100757;391036;;;
0000201180;0000200853;VILLAGE;Тума рабочий посёлок;;;110281;391001;;;
0000201238;0000200853;CITY;Спас-Клепики;;;10779;391030;;;
0000201298;0000028033;SUBREGION;Михайловский район;;;;;;;
0000201619;0000201298;CITY;Михайлов;;;20631;347071;;;391710,391712
0000201753;0000028033;SUBREGION;Пителинский район;;;;391621;;;
0000201853;0000201753;VILLAGE;Пителино рабочий посёлок;;;100761;391630;;;
0000201943;0000028033;SUBREGION;Александро-Невский район;;;;391240;;;
0000201946;0000201943;VILLAGE;Александро-Невский рабочий посёлок;;;100760;391240;;;
0000202151;0000028033;SUBREGION;Пронский район;;;;;;;
0000202186;0000202151;CITY;Новомичуринск;;;20589;391160;;;
0000202520;0000028033;SUBREGION;Рыбновский район;;;;;;;
0000202522;0000202520;CITY;Рыбное;;;10774;141821;;;391111,391110,391134,391112
0000202936;0000028033;SUBREGION;Ряжский район;;;;;;;
0000202987;0000202936;CITY;Ряжск;;;10775;391960;;;391964,391962,391960
0000203228;0000028033;SUBREGION;Путятинский район;;;;391480;;;
0000203391;0000203228;VILLAGE;Путятино село;;;100763;391480;;;
0000203449;0000028033;SUBREGION;Сасовский район;;;;391430;;;
0000203948;0000028033;SUBREGION;Сараевский район;;;;;;;
0000203949;0000203948;VILLAGE;Сараи рабочий посёлок;;;100765;;;;391860,391870
0000204269;0000028033;SUBREGION;Сапожковский район;;;;;;;
0000204270;0000204269;VILLAGE;Сапожок рабочий посёлок;;;100764;391940;;;
0000204406;0000028033;SUBREGION;Скопинский район;;;;;;;
0000204907;0000204406;VILLAGE;Павелец посёлок городского типа;;;110273;391837;;;
0000204994;0000028033;SUBREGION;Спасский район;;;;;;;
0000204995;0000204994;CITY;Спасск-Рязанский;;;20608;391050;;;
0000205188;0000204994;VILLAGE;Кирицы село;;;110274;391093;;;
0000205449;0000204994;VILLAGE;Старый Киструс село;;;101553;391061;;;
0000205536;0000028033;SUBREGION;Старожиловский район;;;;;;;
0000205550;0000205536;VILLAGE;Старожилово рабочий посёлок;;;100766;;;;391170,391190
0000205794;0000028033;SUBREGION;Ухоловский район;;;;;;;
0000205795;0000205794;VILLAGE;Ухолово рабочий посёлок;;;100767;391920;;;
0000205902;0000205794;VILLAGE;Пронск село;;;100762;391934;;;
0000206006;0000028033;SUBREGION;Шацкий район;;;;391550;;;
0000206007;0000206006;CITY;Шацк;;;10780;391550;;;
0000206512;0000028033;SUBREGION;Чучковский район;;;;391421;;;
0000206513;0000206512;VILLAGE;Чучково рабочий посёлок;;;100768;391420;;;
0000206762;0000028033;SUBREGION;Шиловский район;;;;;;;
0000206763;0000206762;VILLAGE;Шилово рабочий посёлок;;;100769;;;;391500,391502,391518
